{
    "camera_angle_x": 0.8575560450553894,
    "factor": 1.0147850215435028,
    "frames": [
        {
            "file_path": "./train/000",
            "transform_matrix": [
                [
                    -0.9999997615814209,
                    -0.0,
                    0.0,
                    0.0
                ],
                [
                    -0.0,
                    -1.343588138524865e-07,
                    -0.9999998807907104,
                    1.1999999284744263
                ],
                [
                    0.0,
                    -0.9999998807907104,
                    -1.343588138524865e-07,
                    0.0
                ],
                [
                    0.0,
                    0.0,
                    0.0,
                    1.0
                ]
            ]
        },
        {
            "file_path": "./train/001",
            "transform_matrix": [
                [
                    -0.9685831069946289,
                    -0.0026573382783681154,
                    0.24867573380470276,
                    -0.2984108626842499
                ],
                [
                    -0.2486899346113205,
                    0.010349628515541553,
                    -0.9685279130935669,
                    1.162233591079712
                ],
                [
                    -1.0244547432591844e-08,
                    -0.99994295835495,
                    -0.010685446672141552,
                    0.012822584249079227
                ],
                [
                    0.0,
                    0.0,
                    -0.0,
                    1.0
                ]
            ]
        },
        {
            "file_path": "./train/002",
            "transform_matrix": [
                [
                    -0.8763066530227661,
                    -0.01029492262750864,
                    0.48164358735084534,
                    -0.5779723525047302
                ],
                [
                    -0.4817536175251007,
                    0.01872646063566208,
                    -0.8761065006256104,
                    1.0513278245925903
                ],
                [
                    -4.0978189730367376e-08,
                    -0.9997715950012207,
                    -0.021369781345129013,
                    0.02564369887113571
                ],
                [
                    0.0,
                    0.0,
                    -0.0,
                    1.0
                ]
            ]
        },
        {
            "file_path": "./train/003",
            "transform_matrix": [
                [
                    -0.7289684414863586,
                    -0.021940726786851883,
                    0.6841952800750732,
                    -0.8210344910621643
                ],
                [
                    -0.6845470070838928,
                    0.02336452156305313,
                    -0.7285940051078796,
                    0.8743129372596741
                ],
                [
                    -9.126956967975275e-08,
                    -0.9994860887527466,
                    -0.03205167502164841,
                    0.038461897522211075
                ],
                [
                    0.0,
                    0.0,
                    -0.0,
                    1.0
                ]
            ]
        },
        {
            "file_path": "./train/004",
            "transform_matrix": [
                [
                    -0.5358267426490784,
                    -0.03607786446809769,
                    0.843556821346283,
                    -1.01226806640625
                ],
                [
                    -0.844327986240387,
                    0.02289571985602379,
                    -0.5353373289108276,
                    0.6424049139022827
                ],
                [
                    -1.4901161193847656e-08,
                    -0.9990866184234619,
                    -0.042729683220386505,
                    0.051275696605443954
                ],
                [
                    0.0,
                    0.0,
                    -0.0,
                    1.0
                ]
            ]
        },
        {
            "file_path": "./train/005",
            "transform_matrix": [
                [
                    -0.30901697278022766,
                    -0.05078918859362602,
                    0.949699342250824,
                    -1.1396393775939941
                ],
                [
                    -0.9510564208030701,
                    0.0165023785084486,
                    -0.3085760772228241,
                    0.37029120326042175
                ],
                [
                    -3.352760558072987e-08,
                    -0.9985729455947876,
                    -0.053402990102767944,
                    0.06408362835645676
                ],
                [
                    0.0,
                    0.0,
                    -0.0,
                    1.0
                ]
            ]
        },
        {
            "file_path": "./train/006",
            "transform_matrix": [
                [
                    -0.06279049068689346,
                    -0.06394384801387787,
                    0.9959762096405029,
                    -1.1951714754104614
                ],
                [
                    -0.9980268478393555,
                    0.004023096524178982,
                    -0.06266142427921295,
                    0.07519378513097763
                ],
                [
                    -5.308539385850963e-08,
                    -0.9979454278945923,
                    -0.06407023966312408,
                    0.07688427716493607
                ],
                [
                    0.0,
                    0.0,
                    -0.0,
                    1.0
                ]
            ]
        },
        {
            "file_path": "./train/007",
            "transform_matrix": [
                [
                    0.18738126754760742,
                    -0.07340634614229202,
                    0.9795405268669128,
                    -1.1754487752914429
                ],
                [
                    -0.9822871685028076,
                    -0.014002963900566101,
                    0.1868572235107422,
                    -0.22422882914543152
                ],
                [
                    -1.2665984172599565e-07,
                    -0.9972037076950073,
                    -0.07473008334636688,
                    0.08967612683773041
                ],
                [
                    -0.0,
                    0.0,
                    -0.0,
                    1.0
                ]
            ]
        },
        {
            "file_path": "./train/008",
            "transform_matrix": [
                [
                    0.4257793724536896,
                    -0.07725540548563004,
                    0.9015228748321533,
                    -1.0818276405334473
                ],
                [
                    -0.9048269987106323,
                    -0.036353617906570435,
                    0.42422452569007874,
                    -0.509069561958313
                ],
                [
                    -5.215405707303944e-08,
                    -0.9963483214378357,
                    -0.08538142591714859,
                    0.10245773196220398
                ],
                [
                    -0.0,
                    0.0,
                    -0.0,
                    1.0
                ]
            ]
        },
        {
            "file_path": "./train/009",
            "transform_matrix": [
                [
                    0.6374239325523376,
                    -0.07398698478937149,
                    0.7669527530670166,
                    -0.920343279838562
                ],
                [
                    -0.7705132365226746,
                    -0.061207257211208344,
                    0.6344784498214722,
                    -0.7613741755485535
                ],
                [
                    -9.313224325069314e-08,
                    -0.9953790903091431,
                    -0.09602293372154236,
                    0.115227609872818
                ],
                [
                    -0.0,
                    0.0,
                    -0.0,
                    1.0
                ]
            ]
        },
        {
            "file_path": "./train/010",
            "transform_matrix": [
                [
                    0.8090169429779053,
                    -0.06268932670354843,
                    0.5844325423240662,
                    -0.7013190984725952
                ],
                [
                    -0.5877851247787476,
                    -0.08628446608781815,
                    0.8044023513793945,
                    -0.9652830958366394
                ],
                [
                    -8.568163423205988e-08,
                    -0.9942959547042847,
                    -0.10665349662303925,
                    0.12798438966274261
                ],
                [
                    -0.0,
                    0.0,
                    -0.0,
                    1.0
                ]
            ]
        },
        {
            "file_path": "./train/011",
            "transform_matrix": [
                [
                    0.9297764301300049,
                    -0.0431707389652729,
                    0.36558452248573303,
                    -0.43870145082473755
                ],
                [
                    -0.36812466382980347,
                    -0.10903675109148026,
                    0.9233607053756714,
                    -1.1080330610275269
                ],
                [
                    -3.725289943190546e-08,
                    -0.9930997490882874,
                    -0.1172720193862915,
                    0.1407265067100525
                ],
                [
                    -0.0,
                    0.0,
                    -0.0,
                    1.0
                ]
            ]
        },
        {
            "file_path": "./train/012",
            "transform_matrix": [
                [
                    0.9921146631240845,
                    -0.01602725312113762,
                    0.12430422008037567,
                    -0.1491650640964508
                ],
                [
                    -0.12533320486545563,
                    -0.1268688291311264,
                    0.9839694499969482,
                    -1.1807633638381958
                ],
                [
                    1.862645149230957e-09,
                    -0.9917900562286377,
                    -0.12787719070911407,
                    0.15345260500907898
                ],
                [
                    -0.0,
                    0.0,
                    -0.0,
                    1.0
                ]
            ]
        },
        {
            "file_path": "./train/013",
            "transform_matrix": [
                [
                    0.9921146631240845,
                    0.017354559153318405,
                    -0.12412578612565994,
                    0.1489509642124176
                ],
                [
                    0.12533311545848846,
                    -0.1373755782842636,
                    0.982557475566864,
                    -1.1790692806243896
                ],
                [
                    1.4901157641133977e-08,
                    -0.9903668165206909,
                    -0.1384674459695816,
                    0.16616111993789673
                ],
                [
                    -0.0,
                    0.0,
                    -0.0,
                    1.0
                ]
            ]
        },
        {
            "file_path": "./train/014",
            "transform_matrix": [
                [
                    0.9297765493392944,
                    0.05486612766981125,
                    -0.3640128970146179,
                    0.4368155300617218
                ],
                [
                    0.3681245446205139,
                    -0.13857601583003998,
                    0.9193916916847229,
                    -1.1032700538635254
                ],
                [
                    1.4901161193847656e-08,
                    -0.9888308644294739,
                    -0.1490422934293747,
                    0.17885075509548187
                ],
                [
                    -0.0,
                    0.0,
                    -0.0,
                    1.0
                ]
            ]
        },
        {
            "file_path": "./train/015",
            "transform_matrix": [
                [
                    0.80901700258255,
                    0.09381051361560822,
                    -0.5802509784698486,
                    0.6963012218475342
                ],
                [
                    0.5877853035926819,
                    -0.12911909818649292,
                    0.798646867275238,
                    -0.9583761692047119
                ],
                [
                    -2.980232594040899e-08,
                    -0.9871818423271179,
                    -0.15959995985031128,
                    0.19151990115642548
                ],
                [
                    -0.0,
                    0.0,
                    -0.0,
                    1.0
                ]
            ]
        },
        {
            "file_path": "./train/016",
            "transform_matrix": [
                [
                    0.6374237537384033,
                    0.13109466433525085,
                    -0.7592793703079224,
                    0.911135196685791
                ],
                [
                    0.7705134153366089,
                    -0.10845080763101578,
                    0.6281301379203796,
                    -0.7537562847137451
                ],
                [
                    4.470348358154297e-08,
                    -0.9854200482368469,
                    -0.17013932764530182,
                    0.2041671872138977
                ],
                [
                    -0.0,
                    0.0,
                    -0.0,
                    1.0
                ]
            ]
        },
        {
            "file_path": "./train/017",
            "transform_matrix": [
                [
                    0.42577940225601196,
                    0.16346539556980133,
                    -0.8899387121200562,
                    1.0679265260696411
                ],
                [
                    0.9048269391059875,
                    -0.0769210234284401,
                    0.4187735319137573,
                    -0.5025282502174377
                ],
                [
                    -2.9802322387695312e-08,
                    -0.98354572057724,
                    -0.18065927922725677,
                    0.21679115295410156
                ],
                [
                    -0.0,
                    0.0,
                    -0.0,
                    1.0
                ]
            ]
        },
        {
            "file_path": "./train/018",
            "transform_matrix": [
                [
                    0.18738120794296265,
                    0.18777236342430115,
                    -0.9641728401184082,
                    1.1570076942443848
                ],
                [
                    0.9822869896888733,
                    -0.03581942617893219,
                    0.1839255392551422,
                    -0.2207111120223999
                ],
                [
                    2.6077012194036797e-07,
                    -0.9815589189529419,
                    -0.1911584883928299,
                    0.22939033806324005
                ],
                [
                    -0.0,
                    0.0,
                    -0.0,
                    1.0
                ]
            ]
        },
        {
            "file_path": "./train/019",
            "transform_matrix": [
                [
                    -0.06279058754444122,
                    0.20123815536499023,
                    -0.9775276780128479,
                    1.173033356666565
                ],
                [
                    0.9980266690254211,
                    0.012660965323448181,
                    -0.06150094047188759,
                    0.07380105555057526
                ],
                [
                    1.8719579486514704e-07,
                    -0.9794604182243347,
                    -0.20163613557815552,
                    0.24196335673332214
                ],
                [
                    -0.0,
                    0.0,
                    0.0,
                    1.0
                ]
            ]
        },
        {
            "file_path": "./train/020",
            "transform_matrix": [
                [
                    -0.3090171813964844,
                    0.20171013474464417,
                    -0.9294198751449585,
                    1.1153039932250977
                ],
                [
                    0.9510563611984253,
                    0.0655396580696106,
                    -0.30198705196380615,
                    0.3623844087123871
                ],
                [
                    4.470348002882929e-08,
                    -0.9772499203681946,
                    -0.2120906561613083,
                    0.2545087933540344
                ],
                [
                    -0.0,
                    0.0,
                    0.0,
                    1.0
                ]
            ]
        },
        {
            "file_path": "./train/021",
            "transform_matrix": [
                [
                    -0.535826563835144,
                    0.18788069486618042,
                    -0.8231590390205383,
                    0.9877908229827881
                ],
                [
                    0.8443281054496765,
                    0.11923260241746902,
                    -0.5223922729492188,
                    0.62687087059021
                ],
                [
                    -7.450580596923828e-09,
                    -0.9749280214309692,
                    -0.22252094745635986,
                    0.2670251727104187
                ],
                [
                    -0.0,
                    0.0,
                    0.0,
                    1.0
                ]
            ]
        },
        {
            "file_path": "./train/022",
            "transform_matrix": [
                [
                    -0.7289685606956482,
                    0.15944871306419373,
                    -0.6657183766365051,
                    0.7988621592521667
                ],
                [
                    0.6845471858978271,
                    0.16979563236236572,
                    -0.7089179158210754,
                    0.8507014513015747
                ],
                [
                    -7.450581485102248e-09,
                    -0.9724944829940796,
                    -0.23292580246925354,
                    0.2795109748840332
                ],
                [
                    -0.0,
                    0.0,
                    0.0,
                    1.0
                ]
            ]
        },
        {
            "file_path": "./train/023",
            "transform_matrix": [
                [
                    -0.8763066530227661,
                    0.11721262335777283,
                    -0.46727702021598816,
                    0.5607324838638306
                ],
                [
                    0.48175370693206787,
                    0.21320894360542297,
                    -0.849973738193512,
                    1.0199686288833618
                ],
                [
                    -7.450580596923828e-09,
                    -0.9699501395225525,
                    -0.2433040738105774,
                    0.29196491837501526
                ],
                [
                    -0.0,
                    0.0,
                    0.0,
                    1.0
                ]
            ]
        },
        {
            "file_path": "./train/024",
            "transform_matrix": [
                [
                    -0.9685831069946289,
                    0.06308130919933319,
                    -0.24055638909339905,
                    0.2886676788330078
                ],
                [
                    0.24868983030319214,
                    0.24568550288677216,
                    -0.9369054436683655,
                    1.1242865324020386
                ],
                [
                    3.7252898543727042e-09,
                    -0.9672948122024536,
                    -0.2536545693874359,
                    0.30438554286956787
                ],
                [
                    -0.0,
                    0.0,
                    0.0,
                    1.0
                ]
            ]
        },
        {
            "file_path": "./train/025",
            "transform_matrix": [
                [
                    -1.0,
                    -0.0,
                    0.0,
                    0.0
                ],
                [
                    -0.0,
                    0.26397615671157837,
                    -0.9645292162895203,
                    1.1574350595474243
                ],
                [
                    0.0,
                    -0.9645292162895203,
                    -0.263976126909256,
                    0.31677135825157166
                ],
                [
                    -0.0,
                    0.0,
                    0.0,
                    1.0
                ]
            ]
        },
        {
            "file_path": "./train/026",
            "transform_matrix": [
                [
                    -0.9685831069946289,
                    -0.06820753216743469,
                    0.23915347456932068,
                    -0.2869842052459717
                ],
                [
                    -0.24868987500667572,
                    0.26565083861351013,
                    -0.9314413070678711,
                    1.1177297830581665
                ],
                [
                    -1.4901159417490817e-08,
                    -0.9616534113883972,
                    -0.2742675244808197,
                    0.32912102341651917
                ],
                [
                    0.0,
                    0.0,
                    -0.0,
                    1.0
                ]
            ]
        },
        {
            "file_path": "./train/027",
            "transform_matrix": [
                [
                    -0.8763065338134766,
                    -0.1370721459388733,
                    0.4618416726589203,
                    -0.5542101263999939
                ],
                [
                    -0.4817535877227783,
                    0.24933327734470367,
                    -0.8400869369506836,
                    1.0081045627593994
                ],
                [
                    -2.9802311729554276e-08,
                    -0.9586677551269531,
                    -0.28452759981155396,
                    0.3414330780506134
                ],
                [
                    0.0,
                    0.0,
                    -0.0,
                    1.0
                ]
            ]
        },
        {
            "file_path": "./train/028",
            "transform_matrix": [
                [
                    -0.728968620300293,
                    -0.20177380740642548,
                    0.6541346311569214,
                    -0.7849615216255188
                ],
                [
                    -0.6845471262931824,
                    0.21486729383468628,
                    -0.696582555770874,
                    0.8358991742134094
                ],
                [
                    -4.470348358154297e-08,
                    -0.955572783946991,
                    -0.294755220413208,
                    0.3537062108516693
                ],
                [
                    0.0,
                    0.0,
                    -0.0,
                    1.0
                ]
            ]
        },
        {
            "file_path": "./train/029",
            "transform_matrix": [
                [
                    -0.5358266234397888,
                    -0.25747713446617126,
                    0.8041114807128906,
                    -0.9649338126182556
                ],
                [
                    -0.844327986240387,
                    0.16339987516403198,
                    -0.5103045105934143,
                    0.6123655438423157
                ],
                [
                    4.470348358154297e-08,
                    -0.9523686170578003,
                    -0.3049491345882416,
                    0.3659389317035675
                ],
                [
                    0.0,
                    0.0,
                    -0.0,
                    1.0
                ]
            ]
        },
        {
            "file_path": "./train/030",
            "transform_matrix": [
                [
                    -0.3090169131755829,
                    -0.29968568682670593,
                    0.9026056528091431,
                    -1.0831269025802612
                ],
                [
                    -0.9510564804077148,
                    0.09737373888492584,
                    -0.29327428340911865,
                    0.351929247379303
                ],
                [
                    -1.4901159417490817e-08,
                    -0.9490557312965393,
                    -0.3151082396507263,
                    0.37812989950180054
                ],
                [
                    0.0,
                    0.0,
                    -0.0,
                    1.0
                ]
            ]
        },
        {
            "file_path": "./train/031",
            "transform_matrix": [
                [
                    -0.06279049068689346,
                    -0.3245895504951477,
                    0.9437684416770935,
                    -1.1325222253799438
                ],
                [
                    -0.9980266094207764,
                    0.02042144164443016,
                    -0.05937687307596207,
                    0.07125224173069
                ],
                [
                    -3.166496398421259e-08,
                    -0.9456344842910767,
                    -0.3252313435077667,
                    0.39027759432792664
                ],
                [
                    0.0,
                    0.0,
                    -0.0,
                    1.0
                ]
            ]
        },
        {
            "file_path": "./train/032",
            "transform_matrix": [
                [
                    0.1873812973499298,
                    -0.32937777042388916,
                    0.9254179000854492,
                    -1.110501766204834
                ],
                [
                    -0.9822871088981628,
                    -0.06283215433359146,
                    0.1765328198671341,
                    -0.21183951199054718
                ],
                [
                    -1.2293453721667902e-07,
                    -0.9421051144599915,
                    -0.3353172838687897,
                    0.4023808538913727
                ],
                [
                    -0.0,
                    0.0,
                    -0.0,
                    1.0
                ]
            ]
        },
        {
            "file_path": "./train/033",
            "transform_matrix": [
                [
                    0.4257793724536896,
                    -0.31249552965164185,
                    0.8491516709327698,
                    -1.0189820528030396
                ],
                [
                    -0.9048270583152771,
                    -0.14704924821853638,
                    0.3995804786682129,
                    -0.47949665784835815
                ],
                [
                    -1.4901161193847656e-08,
                    -0.9384685158729553,
                    -0.3453649580478668,
                    0.4144380986690521
                ],
                [
                    -0.0,
                    0.0,
                    -0.0,
                    1.0
                ]
            ]
        },
        {
            "file_path": "./train/034",
            "transform_matrix": [
                [
                    0.6374239325523376,
                    -0.27381983399391174,
                    0.7202175855636597,
                    -0.8642610907554626
                ],
                [
                    -0.7705132365226746,
                    -0.22652335464954376,
                    0.5958157181739807,
                    -0.7149788737297058
                ],
                [
                    -5.960463766996327e-08,
                    -0.9347243309020996,
                    -0.35537323355674744,
                    0.4264479875564575
                ],
                [
                    -0.0,
                    0.0,
                    -0.0,
                    1.0
                ]
            ]
        },
        {
            "file_path": "./train/035",
            "transform_matrix": [
                [
                    0.80901700258255,
                    -0.2147420048713684,
                    0.5471538305282593,
                    -0.656584620475769
                ],
                [
                    -0.5877851843833923,
                    -0.29556700587272644,
                    0.7530926465988159,
                    -0.903711199760437
                ],
                [
                    -5.960463766996327e-08,
                    -0.9308737516403198,
                    -0.365340918302536,
                    0.4384091794490814
                ],
                [
                    -0.0,
                    0.0,
                    -0.0,
                    1.0
                ]
            ]
        }
    ]
}